2012-12-21,C6D9EVnq.exe,176.9.52.83,DE,24940,HETZNER-AS Hetzner Online AG RZ,0c8404c6af47a6a94aa8237cf01d24e5
2012-12-21,pctuto385.exe,46.105.174.28,FR,16276,OVH OVH Systems,2bf58c0e56fd6a4619ad1a5d5c7960dc
2012-12-21,tabsynchelper.dll,121.78.93.135,KR,9286,LGH-AS-KR LGHitachi,870501b2d0d8873acd9e92b0fa15d954
2012-12-21,,210.112.10.188,KR,9848,GNGAS Enterprise Networks,84ee30ccb73080e27b2c776632bd92a5
2012-12-21,index.html,95.211.95.250,NL,16265,LEASEWEB LeaseWeb B.V.,fda9d56ccface7ce1369874affe3a607
2012-12-21,counter-strike-online-en-win-setup.exe,37.59.5.142,FR,16276,OVH OVH Systems,d719286acfad554b44a80a31670af951
2012-12-21,figusia07.exe,217.30.152.177,PL,15857,DIALOG-AS Telefonia Dialog S.A.,3dbcd7ae7ca08ff8ebafbb1cece9bbdd
2012-12-21,,54.235.251.129,US,14618,AMAZON-AES - Amazon.com, Inc.,13bd77df40674ca857c13e64900f1936
2012-12-21,figusia08.exe,217.30.152.177,PL,15857,DIALOG-AS Telefonia Dialog S.A.,9eb9951472953b475de786377f5697a3
2012-12-21,,95.211.162.230,NL,16265,LEASEWEB LeaseWeb B.V.,0d7a5779ff0282f0a3f7932cfeacc4a6
2012-12-21,figusia09.exe,217.30.152.177,PL,15857,DIALOG-AS Telefonia Dialog S.A.,fc531874e4a68a1d88e8e6bf483b1c42
2012-12-21,index.html,95.211.162.230,NL,16265,LEASEWEB LeaseWeb B.V.,799ea0a73f899ce7466b0873400a6391
2012-12-21,,95.211.162.230,NL,16265,LEASEWEB LeaseWeb B.V.,99925b6a0971f15f15cc1f722e26d6a3
2012-12-21,toutfr-lite.exe,212.27.63.113,FR,12322,PROXAD Free SAS,4c03cd5ba13b24637e70adf2912d3274
2012-12-21,,95.211.162.230,NL,16265,LEASEWEB LeaseWeb B.V.,4cbda1aec249091619be955840287b54
2012-12-21,bookmarkflash.exe,221.209.235.5,CN,4837,CHINA169-BACKBONE CNCGROUP China169 Backbone,701e7e9fa2d38ce4cdbac65de9045669
2012-12-21,index.php,95.211.162.230,NL,16265,LEASEWEB LeaseWeb B.V.,bd4cbf11f33381f20dde3bf84f2dae3b
2012-12-21,mine.exe,91.103.216.39,GB,29550,SIMPLYTRANSIT Simply Transit Ltd,357598eab681686e2a5d7d0bb4875e8d
2012-12-21,readink.exe,221.209.235.5,CN,4837,CHINA169-BACKBONE CNCGROUP China169 Backbone,67fd0c68ee28f284ec1118ebe9a10428
2012-12-21,,23.23.130.85,US,14618,AMAZON-AES - Amazon.com, Inc.,21d4b3e8231a9f9bda75b8aae9aa4a0b
2012-12-21,i9qC.exe,186.202.153.10,BR,27715,LocaWeb Ltda,bf8b0bc0c8e1db52d94719fb01db1765
2012-12-21,te.exe,200.57.133.2,MX,19373,Triara.com, S.A. de C.V.,9b9951c50e04818c413c8cd1a3096a6b
2012-12-21,missing.exe,97.74.144.118,US,26496,PAH-INC - GoDaddy.com, Inc.,8234bc6c40bdb6840923d50d17736305
2012-12-21,,208.93.141.190,US,46281,COTEN-ASN - Cotendo Inc.,915179a9bbdc7b3c6ba3533c4ae9c434
2012-12-21,Bombermania.exe,74.53.27.98,US,21844,THEPLANET-AS - ThePlanet.com Internet Services, Inc.,471d39a51a79f342033c5b0636c244dc
2012-12-21,tabsyncu.exe,121.78.93.135,KR,9286,LGH-AS-KR LGHitachi,4e82de270c372fea7bf2028d430b8d30
2012-12-21,pctuto_1011.exe,46.105.174.28,FR,16276,OVH OVH Systems,3c07d4db52e25e7fb66f7314650bfda7
2012-12-21,Contrato_61277.pdf.exe,177.72.245.0,BR,16509,AMAZON-02 - Amazon.com, Inc.,07230889c033508a77a8b6104cee759d
2012-12-21,,210.112.10.188,KR,9848,GNGAS Enterprise Networks,85ea047efbfe1b352032fc3b4dc62590
2012-12-21,figusia03.exe,217.30.152.177,PL,15857,DIALOG-AS Telefonia Dialog S.A.,09e8f70dbcdc2a07c3af2ba411ad0b28
2012-12-21,amx2.jpg,177.52.160.17,BR,262448,None,068c6c62782976554df161ab7bb7d4d6
2012-12-21,figusia10.exe,217.30.152.177,PL,15857,DIALOG-AS Telefonia Dialog S.A.,4a6f27af59ba790b27dffd26e4b0c87c
2012-12-21,klicck.exe,5.104.107.122,DE,24961,FIBREONE-AS myLoc managed IT AG,471d6b65638b57404caadca36ac4d375
2012-12-21,figusia02.exe,217.30.152.177,PL,15857,DIALOG-AS Telefonia Dialog S.A.,a748979df66e15cebde1524e80b48d0b
2012-12-21,,95.211.162.230,NL,16265,LEASEWEB LeaseWeb B.V.,33dd641e5c2eb345c9f824321f785cee
2012-12-21,9645791745075013752cf4.exe,175.111.30.40,KR,38676,AS33005-AS-KR wizsolution co.,Ltd,6b5a8301303ebf592e9757f2db7dc519
2012-12-21,,95.211.162.230,NL,16265,LEASEWEB LeaseWeb B.V.,7e714657e28bf4a393d58fb368c68769
2012-12-21,,95.211.162.230,NL,16265,LEASEWEB LeaseWeb B.V.,c05c77a98f2e35c8e05e84cd74b7c3c1
2012-12-21,maxtocode.exe,221.209.235.5,CN,4837,CHINA169-BACKBONE CNCGROUP China169 Backbone,ca2b46f4d77bec05e3760b191e1557c5
2012-12-21,index.php,95.211.162.230,NL,16265,LEASEWEB LeaseWeb B.V.,9267ea3d91deb98afbfc8d567685af32
2012-12-21,documentsrescuepro.exe,221.209.235.5,CN,4837,CHINA169-BACKBONE CNCGROUP China169 Backbone,869b15b24091b98c984fd1aea79dbcc0
2012-12-21,,95.211.162.230,NL,16265,LEASEWEB LeaseWeb B.V.,f9ba8726d416897885dae2f4dfa12fcc
2012-12-21,true.exe,91.103.216.39,GB,29550,SIMPLYTRANSIT Simply Transit Ltd,370f5ab7286b51dc4ae7cf1e1e704d92
2012-12-21,readink.exe,221.209.235.5,CN,4837,CHINA169-BACKBONE CNCGROUP China169 Backbone,c5afd7502ea77b31bd5c824eeecec9f5
2012-12-21,,23.23.130.85,US,14618,AMAZON-AES - Amazon.com, Inc.,b345cdf62ee947f68356a10cb33b0764
2012-12-21,sdoaeLWE.exe,77.120.98.99,UA,25229,VOLIA-AS Kyivski Telekomunikatsiyni Merezhi LLC,b7f7975937ec5f87e2aea1e64ec24731
2012-12-21,te.exe,200.57.133.2,MX,19373,Triara.com, S.A. de C.V.,d229802d38256ea22f83eedcee926415
2012-12-21,,115.238.251.56,CN,4134,CHINANET-BACKBONE No.31,Jin-rong Street,8ca3a9368e769c4a974e3b698afa314e
2012-12-21,2.exe,85.143.166.135,RU,56534,PIRIX-INET-AS PIRIX, ltd,ea89fdec2e49dc77eb8bf48fa251eb59
2012-12-21,AmazoneBT.zip,216.40.219.194,US,21844,THEPLANET-AS - ThePlanet.com Internet Services, Inc.,d048fd80fc7e0ef9c710963531aa20d3
